{
  "attachmentType": "POINTCLOUD_SEQUENCE",
  "attachment": [
    {
      "url": "oss://stardust-data/demo.pcd",
      "coordinate": {
        "ego": {
          "x": 0,
          "y": 0,
          "z": 0
        },
        "egoHeading": {
          "x": 0.002303561541507863,
          "y": -0.004448288473703446,
          "z": 0.6783130095950015,
          "w": 0.7347559917061246
        }
      },
      "imageSources": [
        {
          "url": "oss://stardust-data/fisheye_demo.jpg",
          "name": "fisheye_front",
          "height": 1536,
          "width": 1920,
          "camera": {
            "type": "Fisheye",
            "radial": {
              "k1": 0.06486219,
              "k2": -0.01070868,
              "k3": 0.01108226,
              "k4": -0.003712447,
              "k5": 0,
              "k6": 0
            },
            "heading": {
              "x": -0.8538133098059801,
              "y": 0.029118062980491046,
              "z": -0.025188915343615042,
              "w": 0.5191536275036841
            },
            "position": {
              "x": 0.30003501108744907,
              "y": 3.7141748682279276,
              "z": 0.21038252737087765
            },
            "intrinsic": {
              "fx": 478.5475,
              "fy": 478.5475,
              "cx": 961.583,
              "cy": 768.7878
            },
            "tangential": {
              "p1": 0,
              "p2": 0
            },
            "skew": 0
          }
        },
        {
          "url": "oss://stardust-data/pinhole_demo.jpg",
          "name": "back",
          "height": 1080,
          "width": 1920,
          "camera": {
            "intrinsic": {
              "fx": 1209.38,
              "fy": 1209.38,
              "cx": 1009.27,
              "cy": 498.05
            },
            "radial": {
              "k1": -0.39260368,
              "k2": 0.16972849,
              "k3": -0.03699951,
              "k4": 0,
              "k5": 0,
              "k6": 0
            },
            "tangential": {
              "p1": 0,
              "p2": 0
            },
            "position": {
              "x": -0.33600642501923217,
              "y": 0.025668612847839375,
              "z": 1.464939486954058
            },
            "heading": {
              "x": -0.4817680541253184,
              "y": -0.47428800218737693,
              "z": 0.5156075642097754,
              "w": 0.526401915410174
            },
            "skew": 0,
            "type": "PinHole"
          }
        }
      ]
    }
  ],
  "metadata": {
    "uniqueIdentifier": "uuid"
  }
}
